0,1,2,3,4,5,6,7,8,9,10,11,12,13,14,15,16,17,18,19,20,21,22,23,24,25,26,27,28,29,30,31,32,33,34,35,36,37,38,39,40,41,42,43,44,45,46,47,48,49,50,51,52,53,54,55,56,57,58,59,60,61,62
0.06937984377145767,0.6178272366523743,9.833778449319652e-07,0.14382287859916687,0.6212537288665771,-0.042767688632011414,0.2192751169204712,0.5908823609352112,-0.07233569025993347,0.2885398864746094,0.5647596120834351,-0.0994807779788971,0.35140109062194824,0.5433624982833862,-0.12361524999141693,0.1339389532804489,0.4294033944606781,-0.028559956699609756,0.208302840590477,0.37154969573020935,-0.06447840481996536,0.28012388944625854,0.3547925353050232,-0.09348873049020767,0.33485859632492065,0.3566507399082184,-0.10936661064624786,0.11515295505523682,0.41253307461738586,-0.024566184729337692,0.20479056239128113,0.3521527647972107,-0.055883266031742096,0.2857324481010437,0.34245601296424866,-0.07545632123947144,0.3515673279762268,0.3504970073699951,-0.0855773463845253,0.10723324865102768,0.4050750136375427,-0.027248987928032875,0.1940598040819168,0.34104856848716736,-0.05304994061589241,0.27343887090682983,0.3273774981498718,-0.06282180547714233,0.3353717029094696,0.33448201417922974,-0.0650780126452446,0.10469755530357361,0.4075354337692261,-0.03497934341430664,0.1737493872642517,0.3451739251613617,-0.052005112171173096,0.23548057675361633,0.32409608364105225,-0.05546418949961662,0.2860003709793091,0.3222435414791107,-0.05448896437883377
0.0671086385846138,0.6066477298736572,9.071433737517509e-07,0.14598672091960907,0.6051005721092224,-0.027414830401539803,0.22375577688217163,0.5704354643821716,-0.05224410444498062,0.2947593033313751,0.5435807704925537,-0.07836287468671799,0.36035075783729553,0.5210360288619995,-0.10142164677381516,0.12724784016609192,0.40412476658821106,-0.007919817231595516,0.2121485471725464,0.3504883348941803,-0.03724411129951477,0.28608596324920654,0.33642494678497314,-0.0641767606139183,0.3433043658733368,0.33925795555114746,-0.07994312793016434,0.10946281999349594,0.3873497545719147,-0.01160337869077921,0.21213144063949585,0.3292120397090912,-0.036549754440784454,0.2949082851409912,0.321025550365448,-0.05483020097017288,0.3623022437095642,0.3291550576686859,-0.06539682298898697,0.10635261982679367,0.3803786337375641,-0.02112846076488495,0.20690098404884338,0.3147221505641937,-0.04059053957462311,0.2873954772949219,0.30515027046203613,-0.04790879786014557,0.3486904799938202,0.31582534313201904,-0.049888547509908676,0.11323469132184982,0.3830219507217407,-0.035024356096982956,0.18909454345703125,0.31711503863334656,-0.046814050525426865,0.2514466643333435,0.29947447776794434,-0.04735175892710686,0.3027319014072418,0.30210062861442566,-0.04498143121600151
0.07768696546554565,0.5796318054199219,9.913222811519518e-07,0.15645372867584229,0.5822793245315552,-0.036484599113464355,0.23793718218803406,0.5464166402816772,-0.058610476553440094,0.3072943091392517,0.517275333404541,-0.07907235622406006,0.37337058782577515,0.4985109865665436,-0.09558477252721786,0.15194562077522278,0.3802940249443054,-0.004957664292305708,0.2256878912448883,0.3279675841331482,-0.03351874276995659,0.29891300201416016,0.31364190578460693,-0.061440642923116684,0.35611093044281006,0.3156897723674774,-0.07768120616674423,0.13583824038505554,0.36374297738075256,-0.002081242622807622,0.22525231540203094,0.3089802861213684,-0.027159862220287323,0.3066546320915222,0.2984509766101837,-0.04895897954702377,0.37280917167663574,0.3072716295719147,-0.06179822236299515,0.12850192189216614,0.35511091351509094,-0.0062392898835241795,0.2157386690378189,0.2959027886390686,-0.02779543399810791,0.29638275504112244,0.2838764488697052,-0.0405755341053009,0.3602140545845032,0.2916192412376404,-0.04557375982403755,0.12484819442033768,0.35498183965682983,-0.015252715907990932,0.1938055455684662,0.29469460248947144,-0.03023793362081051,0.25644636154174805,0.27621397376060486,-0.03553604707121849,0.3090255856513977,0.27637922763824463,-0.03616291284561157
0.07509010285139084,0.5661577582359314,8.228219030570472e-07,0.16657617688179016,0.5608487129211426,-0.010149871930480003,0.2454218566417694,0.5239956378936768,-0.01945231668651104,0.31642502546310425,0.4988340735435486,-0.033772729337215424,0.38283950090408325,0.4794686436653137,-0.0456465519964695,0.16437368094921112,0.35958239436149597,0.03175243362784386,0.24157387018203735,0.3108006715774536,0.014062117785215378,0.3115460276603699,0.29677319526672363,-0.009317898191511631,0.36684131622314453,0.2943250238895416,-0.024417106062173843,0.14639754593372345,0.34152376651763916,0.021047357469797134,0.2390088140964508,0.28605377674102783,0.006904709618538618,0.316752552986145,0.2763512432575226,-0.011549722403287888,0.3796597123146057,0.28488028049468994,-0.023960333317518234,0.13590563833713531,0.33334678411483765,0.00398090248927474,0.22791050374507904,0.27494847774505615,-0.008703169412910938,0.3040599822998047,0.26397284865379333,-0.018658628687262535,0.3636244237422943,0.27150461077690125,-0.02392985299229622,0.13193365931510925,0.3332301378250122,-0.01654408685863018,0.20422670245170593,0.27479812502861023,-0.025337735190987587,0.26492172479629517,0.256168395280838,-0.027565907686948776,0.31667864322662354,0.2564582824707031,-0.027468210086226463
0.07505514472723007,0.5568370223045349,8.488568141729047e-07,0.171133354306221,0.5454248189926147,-0.0008677534060552716,0.24769851565361023,0.5086186528205872,-0.010368522256612778,0.3182128667831421,0.48445236682891846,-0.028124840930104256,0.38863658905029297,0.4633021950721741,-0.044492416083812714,0.16368062794208527,0.34075990319252014,0.04703175649046898,0.24688246846199036,0.2902892827987671,0.03289514780044556,0.3190186023712158,0.27889859676361084,0.009930822998285294,0.37590140104293823,0.2786073088645935,-0.005895352456718683,0.14672312140464783,0.32434922456741333,0.02903786301612854,0.2466706782579422,0.2662245035171509,0.016624214127659798,0.3277859091758728,0.25883981585502625,-0.005134101491421461,0.3919512927532196,0.27194997668266296,-0.02038441225886345,0.1374594271183014,0.3173358738422394,0.004957127384841442,0.23505325615406036,0.2543991506099701,-0.004940617363899946,0.3170747756958008,0.24573945999145508,-0.016302378848195076,0.380025714635849,0.2569100856781006,-0.0237174853682518,0.13596975803375244,0.3188514709472656,-0.02210843190550804,0.2080741673707962,0.253631591796875,-0.02797277644276619,0.27027735114097595,0.23539164662361145,-0.029543699696660042,0.3232533931732178,0.23740831017494202,-0.030114835128188133
0.0733189508318901,0.5268570780754089,7.773860488669015e-07,0.16954724490642548,0.5243160128593445,-0.0034516758751124144,0.2526147663593292,0.4898727536201477,-0.013439586386084557,0.3249128460884094,0.4675236940383911,-0.02995942160487175,0.3931933343410492,0.4485126733779907,-0.04543964937329292,0.17446301877498627,0.32187575101852417,0.029811779037117958,0.25721654295921326,0.27517497539520264,0.012551344931125641,0.3277243375778198,0.26366350054740906,-0.010238313116133213,0.3843417763710022,0.262236088514328,-0.025733396410942078,0.1550372838973999,0.302438348531723,0.013882058672606945,0.25589287281036377,0.24750587344169617,-0.0031290894839912653,0.3370685875415802,0.24286063015460968,-0.024367472156882286,0.40036672353744507,0.2585514187812805,-0.03828849270939827,0.14390748739242554,0.2966567277908325,-0.0068397303111851215,0.2409391552209854,0.23571988940238953,-0.021302074193954468,0.3224586248397827,0.23119579255580902,-0.0337449349462986,0.3850226402282715,0.2447451502084732,-0.040802519768476486,0.14178608357906342,0.301622599363327,-0.030012493953108788,0.21543824672698975,0.23701873421669006,-0.039970435202121735,0.2766156792640686,0.2204115390777588,-0.04306994006037712,0.32841211557388306,0.2230793535709381,-0.043959107249975204
0.4537648558616638,0.5779136419296265,1.0397162668596138e-06,0.5309101343154907,0.5845046043395996,-0.04473516345024109,0.6149163246154785,0.5479472875595093,-0.06952725350856781,0.6862616539001465,0.5120824575424194,-0.0906733050942421,0.7579165697097778,0.49128028750419617,-0.10907968878746033,0.5529855489730835,0.4086547791957855,-0.020415199920535088,0.626529335975647,0.3445771038532257,-0.052346620708703995,0.6961113810539246,0.32541459798812866,-0.07864546775817871,0.7507076859474182,0.3198584318161011,-0.09333486109972,0.5355768799781799,0.3870804011821747,-0.014107844792306423,0.615901529788971,0.31745684146881104,-0.04188888147473335,0.6921546459197998,0.2962483763694763,-0.06292896717786789,0.7547234296798706,0.2931065857410431,-0.07451751828193665,0.5201160907745361,0.37703531980514526,-0.015195026993751526,0.5948317646980286,0.3038522005081177,-0.0404721237719059,0.6701622009277344,0.2788558006286621,-0.053211409598588943,0.7345257997512817,0.27331382036209106,-0.05758323520421982,0.5048712491989136,0.3754400312900543,-0.021074004471302032,0.5651133060455322,0.30711308121681213,-0.038728851824998856,0.6255533695220947,0.2740384340286255,-0.045231517404317856,0.6783615350723267,0.258206844329834,-0.046846289187669754
0.07589462399482727,0.520290195941925,7.301008508875384e-07,0.17356325685977936,0.5121522545814514,-0.0025029717944562435,0.25944095849990845,0.47453540563583374,-0.01206811424344778,0.333554744720459,0.4514026939868927,-0.028520235791802406,0.4028443694114685,0.43317532539367676,-0.04366964474320412,0.18047656118869781,0.3057651221752167,0.03198521211743355,0.26646289229393005,0.2589871287345886,0.015559312887489796,0.33793771266937256,0.2473246157169342,-0.0070099178701639175,0.39469850063323975,0.2448732703924179,-0.022677281871438026,0.1612669825553894,0.28779029846191406,0.01485159806907177,0.2646189033985138,0.2350432574748993,-0.0006633726879954338,0.34356677532196045,0.23052173852920532,-0.020152177661657333,0.4046592116355896,0.24267996847629547,-0.033210545778274536,0.15132780373096466,0.282962828874588,-0.007299000862985849,0.25133880972862244,0.22384625673294067,-0.020078131929039955,0.3298136591911316,0.216617614030838,-0.029411105439066887,0.3900400996208191,0.22576084733009338,-0.03481344133615494,0.14992496371269226,0.2883831262588501,-0.03232109919190407,0.2233487218618393,0.22430533170700073,-0.04007701575756073,0.2835487127304077,0.20321208238601685,-0.04091876000165939,0.3345835208892822,0.20164743065834045,-0.040624361485242844
0.08624550700187683,0.5071033239364624,7.469045613106573e-07,0.18650148808956146,0.5003248453140259,0.0029975546058267355,0.2702508866786957,0.4618310332298279,-0.0025222483091056347,0.34130382537841797,0.4383898973464966,-0.016706829890608788,0.4089253544807434,0.4201663136482239,-0.029671624302864075,0.19152092933654785,0.29396238923072815,0.0482395701110363,0.27363425493240356,0.24645046889781952,0.03467954322695732,0.3464272916316986,0.2364930659532547,0.01190255954861641,0.40457552671432495,0.2377396523952484,-0.003465955378487706,0.17401359975337982,0.2764376699924469,0.02955409698188305,0.2700634002685547,0.22107595205307007,0.019022870808839798,0.3495906591415405,0.21484825015068054,-0.0002983392041642219,0.41327154636383057,0.22801679372787476,-0.013555687852203846,0.16322799026966095,0.2691848576068878,0.005461865104734898,0.2585514783859253,0.2085946500301361,-0.001632950035855174,0.33642929792404175,0.20017167925834656,-0.009781653992831707,0.3970153331756592,0.20883210003376007,-0.014812871813774109,0.16030064225196838,0.27162793278694153,-0.0215220395475626,0.2353171706199646,0.20841634273529053,-0.024036020040512085,0.2972124218940735,0.1889621913433075,-0.02241499349474907,0.34909647703170776,0.18898072838783264,-0.020520707592368126
0.07698508352041245,0.48771876096725464,6.812793458266242e-07,0.1894431710243225,0.4752485156059265,0.012203392572700977,0.27136775851249695,0.4460486173629761,0.007118385285139084,0.33969032764434814,0.42367997765541077,-0.010188796557486057,0.4113110899925232,0.40613600611686707,-0.027217023074626923,0.18923622369766235,0.28010356426239014,0.061130769550800323,0.2770496606826782,0.2346893846988678,0.04985512048006058,0.350135862827301,0.2278406322002411,0.027104774489998817,0.40895876288414,0.23015324771404266,0.010154645889997482,0.17350663244724274,0.2594947814941406,0.03565617650747299,0.27884775400161743,0.2075505554676056,0.02489630877971649,0.357258141040802,0.20432311296463013,0.0012578043388202786,0.41947177052497864,0.22003698348999023,-0.01602710410952568,0.165072962641716,0.250710129737854,0.005303616635501385,0.2675725221633911,0.19389203190803528,0.00015163214993663132,0.3438422977924347,0.18880268931388855,-0.00967092253267765,0.4014406204223633,0.19990141689777374,-0.017450721934437752,0.16421280801296234,0.25390586256980896,-0.02751188352704048,0.23487871885299683,0.18570011854171753,-0.027737149968743324,0.29479464888572693,0.16480790078639984,-0.025701571255922318,0.3461405336856842,0.16303113102912903,-0.02491060271859169
0.08991146832704544,0.4777565598487854,6.226995310498751e-07,0.1974800080060959,0.46583807468414307,0.008513516746461391,0.2844228148460388,0.43134522438049316,0.0019335489487275481,0.353041410446167,0.4081335663795471,-0.01508049014955759,0.42237287759780884,0.3925221264362335,-0.032021552324295044,0.20467640459537506,0.2659439146518707,0.04732499644160271,0.29114487767219543,0.2207799255847931,0.03094032220542431,0.36290669441223145,0.21028874814510345,0.006659932434558868,0.4208425283432007,0.21044057607650757,-0.010626676492393017,0.18703612685203552,0.2480262815952301,0.023538963869214058,0.2886836528778076,0.19258499145507812,0.0069199600256979465,0.36589545011520386,0.1878463625907898,-0.015997573733329773,0.4269375801086426,0.2013097107410431,-0.03145678713917732,0.175736665725708,0.241167351603508,-0.004777468275278807,0.27449357509613037,0.17889191210269928,-0.01704617775976658,0.3490757346153259,0.1720467358827591,-0.026537539437413216,0.40551039576530457,0.18202587962150574,-0.03199134021997452,0.1714019924402237,0.2455238252878189,-0.03536312282085419,0.24219737946987152,0.17587339878082275,-0.04193190857768059,0.3010978102684021,0.15456417202949524,-0.04118693992495537,0.3502202332019806,0.15384963154792786,-0.03981766104698181
0.1001618355512619,0.45605897903442383,7.058902724565996e-07,0.20842792093753815,0.44762808084487915,0.011009788140654564,0.29128849506378174,0.4118114709854126,0.005570936482399702,0.3629535436630249,0.39136403799057007,-0.010350270196795464,0.43298643827438354,0.3766884207725525,-0.026016540825366974,0.21188318729400635,0.2402513325214386,0.04733119159936905,0.30182477831840515,0.1952715665102005,0.0320657342672348,0.37606245279312134,0.1899479180574417,0.00939074158668518,0.4345631003379822,0.1958134025335312,-0.005990730598568916,0.19320248067378998,0.22324281930923462,0.02235688827931881,0.2978995740413666,0.16644105315208435,0.007615864276885986,0.38120874762535095,0.1643676459789276,-0.013255348429083824,0.4435974359512329,0.1850978583097458,-0.0265477504581213,0.1835792064666748,0.21959538757801056,-0.006851124577224255,0.2828575670719147,0.15407827496528625,-0.01626812480390072,0.3645559847354889,0.14671611785888672,-0.025102974846959114,0.42633846402168274,0.15866774320602417,-0.030272509902715683,0.18422619998455048,0.22708381712436676,-0.03811553493142128,0.256120890378952,0.15503764152526855,-0.043227292597293854,0.3211219310760498,0.13128793239593506,-0.04296724870800972,0.37758737802505493,0.13038620352745056,-0.041784632951021194
0.09655025601387024,0.4425249993801117,5.302100021253864e-07,0.212188720703125,0.42403700947761536,0.02894512191414833,0.2981020510196686,0.3913571834564209,0.027444440871477127,0.36849188804626465,0.37288618087768555,0.010420309379696846,0.43958526849746704,0.35881507396698,-0.00856713391840458,0.22291292250156403,0.22523479163646698,0.060277678072452545,0.3130757212638855,0.17829270660877228,0.04431374743580818,0.3873261511325836,0.1763918697834015,0.02030443400144577,0.44582587480545044,0.18572545051574707,0.0038180986884981394,0.20492564141750336,0.20687712728977203,0.02401539497077465,0.31593057513237,0.14787909388542175,0.007548416033387184,0.39783310890197754,0.15081268548965454,-0.015492604114115238,0.4570216238498688,0.17556071281433105,-0.030284812673926353,0.19331084191799164,0.202030211687088,-0.015265273861587048,0.2983669638633728,0.13291007280349731,-0.026038799434900284,0.37885260581970215,0.13073760271072388,-0.035787757486104965,0.4376644492149353,0.1483658254146576,-0.04187393561005592,0.18902797996997833,0.20945264399051666,-0.055003948509693146,0.2667466104030609,0.13863034546375275,-0.06196743994951248,0.33545416593551636,0.11837203800678253,-0.061827633529901505,0.3927146792411804,0.1206032931804657,-0.06065782532095909
0.1290968805551529,0.4104931354522705,8.337696044691256e-07,0.22834637761116028,0.40951007604599,-0.008095582947134972,0.3069506287574768,0.38040217757225037,-0.01643136516213417,0.37899425625801086,0.3624107241630554,-0.031023096293210983,0.45069748163223267,0.3469162583351135,-0.04375657066702843,0.23992931842803955,0.2110844850540161,0.03952699527144432,0.3213903605937958,0.16858279705047607,0.02041487768292427,0.3972066044807434,0.16177281737327576,-0.004603967070579529,0.4556279182434082,0.16439011693000793,-0.02075355499982834,0.2271513044834137,0.19295057654380798,0.026096759364008904,0.32128530740737915,0.14391282200813293,0.01276837382465601,0.4024862051010132,0.13886024057865143,-0.006823020055890083,0.46688905358314514,0.14981184899806976,-0.02066362276673317,0.21860137581825256,0.18714319169521332,0.005538738798350096,0.3069426119327545,0.130486860871315,-0.006474500056356192,0.38816308975219727,0.11920633912086487,-0.016062580049037933,0.45247578620910645,0.1261933147907257,-0.021662535145878792,0.21482253074645996,0.1897309124469757,-0.018648942932486534,0.281754732131958,0.12578892707824707,-0.027084210887551308,0.3454926311969757,0.10522238165140152,-0.028934603556990623,0.39854228496551514,0.10572127252817154,-0.02937183529138565
0.12326470017433167,0.39736485481262207,8.49630566790438e-07,0.23083680868148804,0.39346233010292053,0.002567142713814974,0.3113117814064026,0.3624952435493469,0.0001063655290636234,0.38251441717147827,0.3444903492927551,-0.011069190688431263,0.4542312026023865,0.32678601145744324,-0.021216191351413727,0.24478529393672943,0.19014385342597961,0.05525371432304382,0.32700055837631226,0.14707879722118378,0.04133901000022888,0.4032808542251587,0.1412147581577301,0.0188886821269989,0.46297940611839294,0.14213982224464417,0.003576175542548299,0.23125945031642914,0.17273257672786713,0.0359073169529438,0.3270445466041565,0.12306191772222519,0.026581579819321632,0.4106132388114929,0.12109476327896118,0.006587674841284752,0.4746325612068176,0.13537538051605225,-0.008373397402465343,0.22131258249282837,0.16894125938415527,0.009999976493418217,0.30808985233306885,0.11052653938531876,0.001384336850605905,0.3906460106372833,0.10276346653699875,-0.008092532865703106,0.45473217964172363,0.11264205724000931,-0.014750435948371887,0.21723845601081848,0.1757316291332245,-0.018832968547940254,0.28163468837738037,0.10881837457418442,-0.02569105662405491,0.34525907039642334,0.08947280794382095,-0.02730955183506012,0.39890652894973755,0.09106684476137161,-0.0282304547727108
0.12411554157733917,0.3895457088947296,8.354375040653395e-07,0.22941912710666656,0.381434828042984,0.0005974246305413544,0.31259119510650635,0.34859246015548706,-0.0044205463491380215,0.38591086864471436,0.3310215175151825,-0.017211630940437317,0.45870399475097656,0.3175463080406189,-0.027949102222919464,0.23707392811775208,0.17332011461257935,0.04603422060608864,0.3287585973739624,0.13308113813400269,0.0296771377325058,0.40704774856567383,0.12654536962509155,0.006658460479229689,0.46853241324424744,0.1271161437034607,-0.009082576259970665,0.22481392323970795,0.1552789807319641,0.02721369080245495,0.32767578959465027,0.11192049086093903,0.016899777576327324,0.4114428758621216,0.1096213236451149,-0.0007167928852140903,0.47909015417099,0.12132462114095688,-0.014201519079506397,0.21725067496299744,0.15314801037311554,0.00202538026496768,0.31089863181114197,0.09957824647426605,-0.006386773195117712,0.3924248218536377,0.08848082274198532,-0.012505292892456055,0.45946571230888367,0.09226255118846893,-0.017338993027806282,0.21715876460075378,0.16125641763210297,-0.026409193873405457,0.28647664189338684,0.09789406508207321,-0.031073439866304398,0.34875965118408203,0.0726548284292221,-0.029784591868519783,0.40181437134742737,0.06624381989240646,-0.0289933905005455
0.14100997149944305,0.37876400351524353,9.35059460971388e-07,0.2410605251789093,0.3711423873901367,-0.006532192695885897,0.3176910877227783,0.33464258909225464,-0.016652463003993034,0.39103153347969055,0.3194827139377594,-0.032897185534238815,0.4620315134525299,0.3055373430252075,-0.047083254903554916,0.23419228196144104,0.16438522934913635,0.027191998437047005,0.3180353343486786,0.11551015079021454,-0.001273717381991446,0.40348342061042786,0.10926613956689835,-0.029604312032461166,0.4701420068740845,0.11593745648860931,-0.045977700501680374,0.2236589789390564,0.1500871181488037,0.011018610559403896,0.3219345808029175,0.09827147424221039,-0.011013857088983059,0.412965327501297,0.09455686062574387,-0.03249943256378174,0.48345333337783813,0.10994690656661987,-0.046176522970199585,0.22140881419181824,0.15029950439929962,-0.01172980759292841,0.31028974056243896,0.089007668197155,-0.03066265769302845,0.3981371819972992,0.07814758270978928,-0.04130220785737038,0.4660833179950714,0.08919672667980194,-0.04613787680864334,0.22721406817436218,0.1619589924812317,-0.03763694688677788,0.292232871055603,0.09454494714736938,-0.05127653107047081,0.3583802878856659,0.0712994709610939,-0.05491502955555916,0.41339415311813354,0.07005946338176727,-0.05545914173126221
0.4416836202144623,0.5581352710723877,1.1077017916250043e-06,0.5164467096328735,0.5705001354217529,-0.05615294724702835,0.6033398509025574,0.5369740128517151,-0.08577734977006912,0.6755050420761108,0.49929967522621155,-0.10665687173604965,0.7486131191253662,0.4819647967815399,-0.12437379360198975,0.5382587313652039,0.3969517648220062,-0.05068099871277809,0.6135115027427673,0.33127254247665405,-0.08592631667852402,0.6869640350341797,0.31142425537109375,-0.11178940534591675,0.7452443242073059,0.3061823844909668,-0.1254202127456665,0.5208014249801636,0.3715483546257019,-0.035203639417886734,0.6049126982688904,0.3023444414138794,-0.06637369841337204,0.6848423480987549,0.2825750708580017,-0.08600597828626633,0.7481508255004883,0.2806088328361511,-0.09577222168445587,0.5107106566429138,0.3593584895133972,-0.025446534156799316,0.5884342789649963,0.28797420859336853,-0.05176504701375961,0.6641808748245239,0.2643079161643982,-0.06316997110843658,0.7270492315292358,0.2586669921875,-0.06621531397104263,0.5016123056411743,0.3559926450252533,-0.020573090761899948,0.5624198317527771,0.2900848686695099,-0.03967716172337532,0.6212499141693115,0.26070964336395264,-0.04654468968510628,0.6719571352005005,0.24635431170463562,-0.04769435524940491
0.16753706336021423,0.35974740982055664,9.507880349701736e-07,0.25166794657707214,0.36035653948783875,-0.020990118384361267,0.3247746229171753,0.3307507634162903,-0.03615381196141243,0.3962368965148926,0.31253552436828613,-0.053494155406951904,0.4630003571510315,0.30143052339553833,-0.06775225698947906,0.24045506119728088,0.16665808856487274,0.014731706120073795,0.32328349351882935,0.12715673446655273,-0.01492870133370161,0.40625298023223877,0.11851254105567932,-0.044366948306560516,0.47018858790397644,0.12324433028697968,-0.06120102480053902,0.23311108350753784,0.14677324891090393,0.008727607317268848,0.3326958119869232,0.1038951724767685,-0.015201195143163204,0.42008495330810547,0.09711449593305588,-0.03658430650830269,0.4895675778388977,0.10484861582517624,-0.04918956011533737,0.2326364517211914,0.1385888308286667,-0.004494988359510899,0.3227085471153259,0.08212238550186157,-0.026970818638801575,0.40814468264579773,0.06951506435871124,-0.03982465714216232,0.4756927192211151,0.07513155788183212,-0.04450177401304245,0.23591911792755127,0.13941837847232819,-0.02148653194308281,0.30076590180397034,0.07591377943754196,-0.0383121520280838,0.36529576778411865,0.052433207631111145,-0.0440463125705719,0.4212403893470764,0.049310892820358276,-0.04499031975865364
0.1586264967918396,0.358275830745697,8.963135655903898e-07,0.24470649659633636,0.35878729820251465,-0.007620261516422033,0.32254260778427124,0.3240760564804077,-0.02246670238673687,0.3992871046066284,0.30237066745758057,-0.042456574738025665,0.4722828269004822,0.28919196128845215,-0.06048222631216049,0.23595765233039856,0.14583246409893036,0.024617677554488182,0.324847549200058,0.10875053703784943,0.0034516777377575636,0.40510666370391846,0.10718493163585663,-0.02171183004975319,0.46548038721084595,0.11871141195297241,-0.03790188953280449,0.22151002287864685,0.12773090600967407,0.010828071273863316,0.333304762840271,0.08786650002002716,-0.006602803710848093,0.42057526111602783,0.08783619850873947,-0.026189638301730156,0.48982900381088257,0.10210856050252914,-0.03932425007224083,0.2171647697687149,0.12341736257076263,-0.00829799473285675,0.3238717317581177,0.07290604710578918,-0.02192394621670246,0.41206586360931396,0.06929149478673935,-0.031207416206598282,0.4794427752494812,0.08033942431211472,-0.03661128878593445,0.2219550609588623,0.1324419379234314,-0.030336972326040268,0.29898834228515625,0.06833561509847641,-0.0387469157576561,0.3625831604003906,0.04889361560344696,-0.03950361907482147,0.41622278094291687,0.04907509684562683,-0.038853030651807785
0.16128650307655334,0.3573927879333496,8.626843168713094e-07,0.24786081910133362,0.3559455871582031,-0.008310951292514801,0.3271874487400055,0.32253748178482056,-0.02139153890311718,0.4003755450248718,0.3005802631378174,-0.039839450269937515,0.47264358401298523,0.28778648376464844,-0.05588913708925247,0.2403465211391449,0.14959312975406647,0.032122042030096054,0.3325563967227936,0.12171779572963715,0.011075405403971672,0.4138018488883972,0.11823880672454834,-0.015193725004792213,0.47561219334602356,0.12461500614881516,-0.03202684968709946,0.22719137370586395,0.1294763833284378,0.01950339786708355,0.34175217151641846,0.09587344527244568,0.003355483990162611,0.4267575442790985,0.09264630824327469,-0.016097627580165863,0.49675869941711426,0.0989321619272232,-0.029433241114020348,0.22323180735111237,0.1207917332649231,0.0006667245179414749,0.3305630087852478,0.07389622181653976,-0.013627728447318077,0.41577625274658203,0.06781411916017532,-0.02396281808614731,0.4819786548614502,0.0751233696937561,-0.029450932517647743,0.22603338956832886,0.12238845974206924,-0.021372079849243164,0.30091938376426697,0.061902888119220734,-0.03061218187212944,0.36337810754776,0.04637870192527771,-0.03198351338505745,0.41681692004203796,0.04990360140800476,-0.03136583790183067
0.15241381525993347,0.36005401611328125,8.368941166736477e-07,0.24574007093906403,0.35318928956985474,-0.012638112530112267,0.3265790641307831,0.31945687532424927,-0.027457281947135925,0.4003990888595581,0.29925259947776794,-0.04714617878198624,0.47291314601898193,0.286317378282547,-0.06449085474014282,0.24351023137569427,0.14227408170700073,0.024692352861166,0.3350592851638794,0.10600852966308594,-0.0015474173706024885,0.416967511177063,0.10160857439041138,-0.03128891810774803,0.48035964369773865,0.10757970064878464,-0.05009568855166435,0.2299642115831375,0.12345726788043976,0.011993014253675938,0.337857186794281,0.08227933198213577,-0.010013996623456478,0.4252731502056122,0.08076377213001251,-0.03308120369911194,0.4956067204475403,0.09452323615550995,-0.04830102249979973,0.22499248385429382,0.11795990914106369,-0.007244318723678589,0.3278554379940033,0.06610319018363953,-0.025984834879636765,0.41350215673446655,0.06098952889442444,-0.039026886224746704,0.48054444789886475,0.07236932963132858,-0.045899830758571625,0.22802765667438507,0.12408522516489029,-0.030059345066547394,0.3014288544654846,0.06014528125524521,-0.04404892772436142,0.36589089035987854,0.0439625158905983,-0.04838469624519348,0.42110902070999146,0.04882439970970154,-0.04921222850680351
0.15158389508724213,0.3633507490158081,8.556472153031791e-07,0.24764050543308258,0.3584991693496704,0.0032432489097118378,0.32906413078308105,0.3226471543312073,-0.0033437456004321575,0.4038401246070862,0.30164170265197754,-0.017837990075349808,0.4761507213115692,0.2887447476387024,-0.030601175501942635,0.23901298642158508,0.14227305352687836,0.04879310727119446,0.3374624252319336,0.10897459089756012,0.035489968955516815,0.41960597038269043,0.10942979902029037,0.013493168167769909,0.48031315207481384,0.11941505968570709,-0.001472395728342235,0.22563892602920532,0.12261684238910675,0.030682794749736786,0.3400919437408447,0.07874272018671036,0.02047671191394329,0.4275147616863251,0.0791860818862915,0.001429711002856493,0.4951521158218384,0.09657001495361328,-0.011973106302320957,0.22338810563087463,0.11935487389564514,0.007238403428345919,0.33029910922050476,0.06498199701309204,-0.00043622637167572975,0.418337881565094,0.06250780820846558,-0.010294832289218903,0.48554152250289917,0.07649829238653183,-0.017135346308350563,0.2328665405511856,0.1289287656545639,-0.01870492286980152,0.3058495819568634,0.062355831265449524,-0.024438196793198586,0.3701973259449005,0.04573477804660797,-0.025984127074480057,0.42575889825820923,0.050543077290058136,-0.02640274167060852
0.1510721743106842,0.3680107593536377,7.643272965651704e-07,0.25293898582458496,0.35337045788764954,0.002635378623381257,0.3337787091732025,0.3199778199195862,-0.0065359072759747505,0.4078817069530487,0.29988476634025574,-0.025158628821372986,0.48194998502731323,0.28595954179763794,-0.04284759238362312,0.25142550468444824,0.14692240953445435,0.048027653247117996,0.3472742438316345,0.11424829810857773,0.029446424916386604,0.4259832203388214,0.11723264306783676,0.002816014224663377,0.48694491386413574,0.1269087940454483,-0.015463911928236485,0.23773297667503357,0.12873536348342896,0.02670600265264511,0.34762293100357056,0.08610016107559204,0.01047216635197401,0.43391138315200806,0.08772724866867065,-0.012838215567171574,0.5033612251281738,0.10390213131904602,-0.029161185026168823,0.230341836810112,0.12452734261751175,-0.0005556504474952817,0.33425164222717285,0.06977538764476776,-0.014889837242662907,0.42118406295776367,0.07063188403844833,-0.02653511054813862,0.4894349277019501,0.08716903626918793,-0.033249497413635254,0.2312214970588684,0.13091331720352173,-0.03052724525332451,0.3064023554325104,0.06121094524860382,-0.04117465019226074,0.37320476770401,0.04655240476131439,-0.043185196816921234,0.4319275915622711,0.05339262634515762,-0.042933013290166855
0.1649785190820694,0.3578113913536072,7.286150776053546e-07,0.259335994720459,0.3520680069923401,-0.0029918267391622066,0.34155455231666565,0.31993794441223145,-0.017812781035900116,0.4151152968406677,0.3019173741340637,-0.03954300284385681,0.48638254404067993,0.2891947031021118,-0.060545414686203,0.2545633018016815,0.1507570892572403,0.023569883778691292,0.3500634431838989,0.12318844348192215,0.0018150159157812595,0.4295443892478943,0.1223003938794136,-0.02508520893752575,0.4909096360206604,0.13095638155937195,-0.043083306401968,0.23825892806053162,0.13158880174160004,0.006489036604762077,0.35708773136138916,0.09493308514356613,-0.011599134653806686,0.44227537512779236,0.09730800241231918,-0.03273080289363861,0.5081781148910522,0.11144669353961945,-0.0476488433778286,0.2328195571899414,0.12549129128456116,-0.014903620816767216,0.34587737917900085,0.07402803748846054,-0.028462186455726624,0.42910510301589966,0.07371953129768372,-0.03842981532216072,0.49036213755607605,0.08772256970405579,-0.044612910598516464,0.2365104854106903,0.13138040900230408,-0.03887644037604332,0.3157157897949219,0.0692848488688469,-0.04611284285783768,0.37969788908958435,0.05258048325777054,-0.045584943145513535,0.4325594902038574,0.055725499987602234,-0.04435530677437782
0.19239573180675507,0.3516537845134735,7.643434969395457e-07,0.2861638367176056,0.35186541080474854,-0.010649572126567364,0.3620814085006714,0.3200831413269043,-0.01658363826572895,0.43086299300193787,0.2986457645893097,-0.027754709124565125,0.49884068965911865,0.28633710741996765,-0.036241836845874786,0.28678616881370544,0.1563771367073059,0.041747964918613434,0.3681621253490448,0.12183735519647598,0.02052289992570877,0.4465872645378113,0.12011128664016724,-0.0065206922590732574,0.5059674978256226,0.12784120440483093,-0.023572197183966637,0.27777135372161865,0.13706806302070618,0.031201057136058807,0.37509632110595703,0.09841196238994598,0.014401438646018505,0.45670777559280396,0.09631505608558655,-0.0078046564012765884,0.524319052696228,0.1052723377943039,-0.02275087498128414,0.27248942852020264,0.1272074282169342,0.012928709387779236,0.3604695498943329,0.07722537964582443,-0.005030530970543623,0.4400366246700287,0.07032449543476105,-0.019479520618915558,0.5039946436882019,0.0783591940999031,-0.026665518060326576,0.26833778619766235,0.12361758202314377,-0.008824523538351059,0.32844552397727966,0.06016668677330017,-0.023634836077690125,0.38852089643478394,0.045075200498104095,-0.030185652896761894,0.4434742331504822,0.05048096925020218,-0.032445479184389114
0.2078077644109726,0.35329657793045044,7.642124728590716e-07,0.30150845646858215,0.3520547151565552,-0.012295342981815338,0.37638911604881287,0.3229873776435852,-0.019779598340392113,0.445736825466156,0.3019832670688629,-0.03161778673529625,0.5134656429290771,0.28791889548301697,-0.04162190482020378,0.31754249334335327,0.15765848755836487,0.037864018231630325,0.39292147755622864,0.12142053246498108,0.018991464748978615,0.4635913670063019,0.11734642833471298,-0.006403975188732147,0.5180298089981079,0.12168024480342865,-0.02278340980410576,0.30553093552589417,0.13828274607658386,0.02820521406829357,0.39268672466278076,0.09872455894947052,0.015120125375688076,0.4669822156429291,0.09435738623142242,-0.004601597785949707,0.529257595539093,0.10150450468063354,-0.01826465129852295,0.2932116389274597,0.12838712334632874,0.011179217137396336,0.37409189343452454,0.0782792940735817,-0.0029955820646137,0.4477222263813019,0.06821675598621368,-0.013653780333697796,0.509424090385437,0.07090061902999878,-0.019332274794578552,0.2796916961669922,0.12718906998634338,-0.00946082640439272,0.3354533612728119,0.06474316120147705,-0.02142215147614479,0.3915647864341736,0.04601256549358368,-0.024567577987909317,0.44454020261764526,0.04503896087408066,-0.024785153567790985
0.21812520921230316,0.36168330907821655,6.665616183454404e-07,0.3114783465862274,0.35736650228500366,-0.008874666877090931,0.3886376619338989,0.32941508293151855,-0.017314724624156952,0.4577465355396271,0.30854418873786926,-0.031056975945830345,0.5259479284286499,0.29398781061172485,-0.04331047832965851,0.33282536268234253,0.16330678761005402,0.034863609820604324,0.4061180353164673,0.12297217547893524,0.014443394728004932,0.47361141443252563,0.11811067163944244,-0.011859510093927383,0.5270892381668091,0.12128380686044693,-0.029377227649092674,0.31990376114845276,0.14419026672840118,0.02210339903831482,0.4054707884788513,0.09776914119720459,0.0064264931716024876,0.4781199097633362,0.09308680146932602,-0.014251336455345154,0.5385239124298096,0.10095784813165665,-0.028985988348722458,0.3067193031311035,0.1356373280286789,0.0025292348582297564,0.38441261649131775,0.0798809602856636,-0.013188716024160385,0.4547494649887085,0.07299695163965225,-0.023531898856163025,0.5133390426635742,0.08132567256689072,-0.029302116483449936,0.2941417396068573,0.13559789955615997,-0.020312191918492317,0.3496154248714447,0.0748787671327591,-0.03248373791575432,0.40461456775665283,0.055635906755924225,-0.035416726022958755,0.4556882977485657,0.053685471415519714,-0.03611511364579201
0.4348236918449402,0.5485378503799438,1.1638824162218953e-06,0.5111991167068481,0.5593754053115845,-0.05260320380330086,0.5955848097801208,0.5298821330070496,-0.07862624526023865,0.6656460762023926,0.4953458607196808,-0.09771839529275894,0.7391394376754761,0.4772525429725647,-0.11404763162136078,0.5430726408958435,0.3837355673313141,-0.029089322313666344,0.6172443628311157,0.322407066822052,-0.05893409997224808,0.6861811280250549,0.3053811192512512,-0.08299491554498672,0.7397688627243042,0.30048298835754395,-0.09624005854129791,0.5258870124816895,0.3607577979564667,-0.01584145799279213,0.6084598302841187,0.2961828112602234,-0.04075760766863823,0.6835014224052429,0.27678000926971436,-0.061275776475667953,0.743183970451355,0.27234160900115967,-0.07320409268140793,0.5111136436462402,0.34926706552505493,-0.00966916885226965,0.5891191363334656,0.28312718868255615,-0.03166142478585243,0.6624577045440674,0.2597288489341736,-0.04621119797229767,0.7241561412811279,0.25274237990379333,-0.05274510756134987,0.4950973093509674,0.3443751037120819,-0.008403979241847992,0.5556923151016235,0.2826913297176361,-0.02528463862836361,0.6130807399749756,0.2553694248199463,-0.03393060714006424,0.661913275718689,0.24187485873699188,-0.03731752932071686
0.22090761363506317,0.37060314416885376,7.039961928967386e-07,0.3227609097957611,0.36314237117767334,-0.004376017488539219,0.39975225925445557,0.33445361256599426,-0.010565032251179218,0.4707416296005249,0.31445133686065674,-0.02474156953394413,0.5408017635345459,0.2981664538383484,-0.037834588438272476,0.34677353501319885,0.1709577590227127,0.0516340546309948,0.42515242099761963,0.12972751259803772,0.035312846302986145,0.49520039558410645,0.12653879821300507,0.00986069068312645,0.550191342830658,0.13253836333751678,-0.007455044891685247,0.3354063034057617,0.15341514348983765,0.03578377515077591,0.4230482578277588,0.10264366120100021,0.023771699517965317,0.4973824620246887,0.0982278510928154,0.0017604740569368005,0.5585309267044067,0.10987159609794617,-0.013951005414128304,0.32238662242889404,0.14532248675823212,0.012478809803724289,0.4003589153289795,0.08508330583572388,0.0007435534498654306,0.4742555022239685,0.07565503567457199,-0.011376524344086647,0.536049485206604,0.0848822295665741,-0.01897931471467018,0.3083914518356323,0.14473813772201538,-0.01430579461157322,0.36047106981277466,0.07842923700809479,-0.02432502619922161,0.41805869340896606,0.05883115530014038,-0.028298238292336464,0.47181811928749084,0.060718514025211334,-0.030034134164452553
